{"_timestamp":1.7401635518553474e+09,"_runtime":106.322718416,"_step":831,"_wandb":{"runtime":106},"train_loss":0.3917602598667145}