Model,Pretrained,Augmentation,Accuracy (%),Loss
ResNet50,False,None,66.37,1.460122413338183
ResNet50,False,GaussianBlur,27.87,4.1622653639735505
ResNet50,True,None,70.78,1.1580137250522455
ResNet50,True,GaussianBlur,34.89,2.7658575076264693
ViT-S/16,False,None,39.11,1.7590112808032539
ViT-S/16,False,GaussianBlur,10.0,2.6008267097960647
ViT-S/16,True,None,52.57,1.3688249580395488
ViT-S/16,True,GaussianBlur,10.0,2.5571049592746333