{"_timestamp":1.739970986387821e+09,"train_accuracy":0.9806,"test_loss":0.4234766757356363,"valid_loss":0.4573291798506063,"_step":5,"_wandb":{"runtime":1694},"valid_accuracy":0.8853833865814696,"_runtime":1693.716978218,"epoch":5,"train_loss":0.05906605836534873,"test_accuracy":0.8903753993610224}