{"train_loss":0.010991435497999191,"_timestamp":1.7399811173263633e+09,"_runtime":166.762153495,"_step":2072,"_wandb":{"runtime":166}}