{"_runtime":20.499630081,"_step":80,"train_loss":0.21603313088417053,"train_accuracy":0.875,"_wandb":{"runtime":20},"_timestamp":1.740165737634697e+09}