{"train_loss":0.18872137367725372,"train_accuracy":0.9375,"_wandb":{"runtime":224},"_timestamp":1.7401976539304194e+09,"_runtime":224.346388139,"_step":1721}